Brian Farrell;gracecamacho@hunter-johnson.com
Nicholas Novak;deleonmike@key-hardin.info
Tyler Willis;whitneytaylor@mcgee.com
Karina White;vunderwood@collier-wilson.com
Arthur Burke;xsmith@yahoo.com
Javier Baker;elizabeth81@gmail.com
Karen Gonzalez;fernandomartin@gmail.com
Julie Jackson;angela81@barnes.com
Michael Charles;taylordenise@trevino.biz
Oscar Morgan;ballmatthew@wagner-brown.com
Jamie Johnson;savannah52@hotmail.com
Monica Fleming;brookslogan@hale.org
Chad Ray;scott34@yahoo.com
Claudia Wheeler;cookdavid@henry.com
Emily Carter;jamie33@mcdowell-banks.com
Patricia Daniel;zgreen@cruz.com
Ashley Johnson;brandonerickson@clark.biz
Kent Hayes;natalie56@gmail.com
Theresa Ferguson;jhooper@hotmail.com
Michael Gomez;wendykeller@yahoo.com
Andrew Larson;smithtimothy@jacobson.com
Jacob Parrish;gerald39@hotmail.com
Sarah Pierce;danielhouse@gmail.com
Samuel Morgan;katie17@gmail.com
Katherine Ferrell;zbrewer@hill-ramirez.com
Anthony Sweeney;kaylaguzman@jordan.biz
David Rodriguez;welchmaria@gonzalez.com
James Duarte;ryanbrett@yahoo.com
Daniel Booth;marklopez@yahoo.com
William Warner;fhenderson@butler-harrison.com
Jeremy Acevedo;taylorlori@gmail.com
Zachary Preston;mark77@hotmail.com
Joshua Hayes;elewis@hotmail.com
Sophia Grant;rmoore@hotmail.com
Christine Harvey;wrightkathleen@curry-hicks.com
Julia Reed;sara34@carroll.info
Charlotte Hayden;kimberly97@velasquez.com
John Bradford;barbaraburns@eaton.net
Angela Hart;denise49@johnson.org
Cindy Drake;cgarcia@jackson.net
Thomas Callahan;hannah06@yahoo.com
Amanda Scott;ashleylloyd@hotmail.com
James Torres;orichardson@gmail.com
Mark West;sanchezpaul@yahoo.com
Michael Taylor;sethrodriguez@colon.org
Luis Lynch Jr.;madison69@yahoo.com
Jeffrey Adams;reginaldchase@hotmail.com
David Guzman;susanmoore@hotmail.com
Patrick Hudson;jacksonmax@hotmail.com
Stephen Woodward;fmedina@gmail.com
Angela Mcclain;tomsmith@hotmail.com
Gloria Vega;vfritz@yahoo.com
Jennifer Branch;matthewsdawn@gmail.com
Melvin Morgan;ofreeman@dean.com
Mindy Berry;sanchezmichelle@hotmail.com
Todd Little;danieljohnson@murphy-marks.org
Kelly Williams;lisavalentine@keller.com
Rachel Harding;barbara06@yahoo.com
John Gonzalez;johnsonchristopher@gmail.com
Joel Moore;dalegreen@yahoo.com
Victoria Miller;valeriearnold@hotmail.com
Laura Pena;diana20@hoffman.biz
Douglas Benson;hayesjohn@berry.biz
Dr. Karl Hensley;swoods@yahoo.com
Morgan Adams;cjones@hotmail.com
Derrick Finley;grocha@hotmail.com
Jessica Clark;lloydsheila@gmail.com
Betty Robinson;yestes@lawson.info
Matthew Hill;hallgregory@hotmail.com
Dana Sullivan;favila@morris.net
Dr. Jennifer Fernandez MD;washingtonchristine@walters.com
Michael Thomas;combsbrandon@huffman.com
Holly Norris;andrewjones@pacheco.org
Pamela Thompson;nicholas51@yahoo.com
Maureen Moss;alang@yahoo.com
Michael Lara;brian41@wallace.com
Martha Henderson;marvin13@hotmail.com
Isabel Schneider;wortiz@yahoo.com
Luke Mckenzie;katherinehansen@davis-johnston.biz
Mary Henry;iperez@turner.com
Tiffany Nguyen;bsmith@huffman.com
Paul Perez;william84@hotmail.com
Jacob Kennedy;mmartinez@hotmail.com
Brian Cook;lgonzalez@patterson-cervantes.com
Joann Brown;delgadodouglas@mcmillan.com
Carrie Ross;ievans@hotmail.com
Luis Strong;davidcampbell@cook.com
Emily Stevens;vanessa98@davis-tucker.info
Lisa Smith;thomasmoran@gmail.com
Ann Reyes;christophergray@gmail.com
Savannah Campbell;brucecrawford@wright-brooks.net
Jackson Weaver;gbarton@gmail.com
Nicholas Lane;benitezlisa@jones.com
Nathaniel Rodriguez;qhall@gmail.com
Keith Smith;lwhite@hotmail.com
Tammy Solis;tonyagarner@nelson.com
Luke Boyle;brian34@fields.biz
Rachel Henderson;audreymartin@yahoo.com
Riley Medina;zachary37@gmail.com
Patrick Nunez;harrisondavid@stevenson-perry.com
